K,D_TSK,lam_o,lam_m,lam_wd,task0,task1,task2,task3,task4,task5,task6,task7,task8,task9,avg
20,32,0.009999999776482582,0.10000000149011612,0.10000000149011612,87.9157,87.3347,84.8224,87.9925,89.0191,90.9054,91.4113,93.7083,95.7131,96.8700,90.5692
